variable,mean,lower,upper
Care provider,0.9315952038224505,0.9228876264955661,0.9394575920479876
Community referral,1.2100046157479583,1.19701983855312,1.2241858367798086
Court/criminal justice referral,0.9281431891233406,0.9212921347731713,0.9352524370344929
